stockcode,description,unitprice
22343,PARTY PIZZA DISH RED RETROSPOT,0.85
22848,BREAD BIN DINER STYLE PINK,16.95
22170,PICTURE FRAME WOOD TRIPLE PORTRAIT,6.75
22869,NUMBER TILE COTTAGE GARDEN 1,1.95
48184,DOORMAT ENGLISH ROSE ,7.95
22671,FRENCH LAUNDRY SIGN BLUE METAL,1.65
22479,DAISY GARDEN MARKER,1.25
21035,SET/2 RED RETROSPOT TEA TOWELS ,2.95
22301,COFFEE MUG CAT + BIRD DESIGN,2.55
21680,WOODLAND  STICKERS,0.85
21679,SKULLS  STICKERS,0.85
40016,CHINESE DRAGON PAPER LANTERNS,0.42
22452,MEASURING TAPE BABUSHKA PINK,2.95
85206A,CREAM FELT EASTER EGG BASKET,1.65
21719,LOVELY BONBON STICKER SHEET,0.85
22782,SET 3 WICKER STORAGE BASKETS ,24.95
22283,6 EGG HOUSE PAINTED WOOD,7.95
22393,PAPERWEIGHT VINTAGE COLLAGE,2.55
35400,WOODEN BOX ADVENT CALENDAR ,8.95
22707,WRAP MONSTER FUN ,0.42
21622,VINTAGE UNION JACK CUSHION COVER,4.95
22877,NUMBER TILE COTTAGE GARDEN 9,1.95
21470,FLOWER VINE RAFFIA FOOD COVER,3.75
84711A,SILVER OVAL SHAPE TRINKET BOX,9.95
20878,SET/9 CHRISTMAS T-LIGHTS SCENTED ,1.25
85169D,PINK LOVE BIRD CANDLE,1.25
22927,GREEN GIANT GARDEN THERMOMETER,5.95
21028,NINJA RABBIT BLACK,1.25
BANK CHARGES,Bank Charges,15
75049L,LARGE CIRCULAR MIRROR MOBILE,1.25
21666,RIDGED GLASS T-LIGHT HOLDER,0.65
37479P,CUBIC MUG FLOCK PINK ON BROWN,2.55
16046,TEATIME PEN CASE & PENS,0.85
21390,FILIGRIS HEART WITH BUTTERFLY,1.25
22936,BAKING MOULD ROSE WHITE CHOCOLATE,3.25
16219,HOUSE SHAPE PENCIL SHARPENER,0.21
84927A,WAKE UP COCKEREL TILE HOOK,2.1
22942,CHRISTMAS LIGHTS 10 SANTAS ,8.5
21934,SKULL SHOULDER BAG,1.65
21731,RED TOADSTOOL LED NIGHT LIGHT,1.65
22894,TABLECLOTH RED APPLES DESIGN ,8.5
85049D,BRIGHT BLUES RIBBONS ,1.25
22433,WATERING CAN GREEN DINOSAUR,1.95
82581,TOILET METAL SIGN,0.73
22633,HAND WARMER UNION JACK,2.1
22873,NUMBER TILE COTTAGE GARDEN 5,1.95
21818,GLITTER CHRISTMAS HEART ,0.85
22443,GROW YOUR OWN HERBS SET OF 3,7.95
21398,RED POLKADOT COFFEE  MUG,2.1
84006,MAGIC TREE -PAPER FLOWERS,0.85
85025C,PINK HEART SHAPE PHOTO FRAME,1.65
21499,BLUE POLKADOT WRAP,0.42
85131A,BEADED PEARL HEART WHITE ON STICK,1.25
21558,SKULL LUNCH BOX WITH CUTLERY ,2.55
85025B,EAU DE NILE HEART SHAPE PHOTO FRAME,1.65
21822,GLITTER CHRISTMAS TREE WITH BELLS,1.95
22110,BIRD HOUSE HOT WATER BOTTLE,2.55
22360,GLASS JAR ENGLISH CONFECTIONERY,2.95
84910A,PINK PAISLEY CUSHION COVER ,5.95
22276,WASH BAG VINTAGE ROSE PAISLEY,2.55
84877B,GREEN ROUND COMPACT MIRROR,1.25
85018D,YULETIDE IMAGES S/6 PAPER BOXES,2.55
84820,DANISH ROSE TRINKET TRAYS,5.95
22442,GROW YOUR OWN FLOWERS SET OF 3,7.95
90178A,AMBER CHUNKY GLASS+BEAD NECKLACE,11.95
72780,BLACK SILOUETTE CANDLE PLATE,0.85
21399,BLUE POLKADOT COFFEE MUG,2.1
20761,BLUE PAISLEY SKETCHBOOK,3.75
20803,SMALL PINK GLASS SUNDAE DISH,0.42
17011F,ORIGAMI SANDLEWOOD INCENSE+FLOWER,2.1
84922,PINK BUTTERFLY WASHBAG,4.25
90198A,VINTAGE ROSE BEAD BRACELET RASPBERR,4.25
72800C,4 PINK DINNER CANDLE SILVER FLOCK,2.55
17012D,ORIGAMI ROSE INCENSE/CANDLE SET ,2.55
85189,HANGING BUTTERFLY  EGG,0.85
20820,SILVER LOOKING MIRROR,4.95
47518F,ICON PLACEMAT POP ART ELVIS,0.42
17084P,DRAGONS BLOOD INCENSE,0.21
85163B,BLACK BAROQUE WALL CLOCK ,12.75
72051S,BAG OF SILVER STONES,0.42
21730,GLASS STAR FROSTED T-LIGHT HOLDER,4.95
21485,RETROSPOT HEART HOT WATER BOTTLE,4.95
22381,TOY TIDY PINK POLKADOT,2.1
22219,LOVEBIRD HANGING DECORATION WHITE ,1.24
84509A,SET OF 4 ENGLISH ROSE PLACEMATS,3.75
22131,FOOD CONTAINER SET 3 LOVE HEART ,1.95
21865,PINK UNION JACK  PASSPORT COVER ,2.1
84077,WORLD WAR 2 GLIDERS ASSTD DESIGNS,0.29
37450,CERAMIC CAKE BOWL + HANGING CAKES,2.95
22610,PENS ASSORTED FUNNY FACE,0.85
22152,PLACE SETTING WHITE STAR,0.42
21460,GREEN EASTER EGG HUNT START POST,1.95
21224,SET/4 SKULL BADGES,1.25
22223,CAKE PLATE LOVEBIRD PINK,4.95
79000,MOROCCAN TEA GLASS,0.85
22774,RED DRAWER KNOB ACRYLIC EDWARDIAN,1.49
21066,VINTAGE RED MUG,1.25
22855,FINE WICKER HEART ,1.25
84212,ASSORTED FLOWER COLOUR "LEIS",0.65
37446,MINI CAKE STAND WITH HANGING CAKES,1.45
22878,NUMBER TILE COTTAGE GARDEN No,2.1
47504H,ENGLISH ROSE SPIRIT LEVEL ,1.95
20980,36 PENCILS TUBE POSY,1.25
72800D,4 BLUE DINNER CANDLES SILVER FLOCK,2.55
21640,ASSORTED TUTTI FRUTTI  FOB NOTEBOOK,0.85
20956,PORCELAIN T-LIGHT HOLDERS ASSORTED,1.25
22718,CARD CAT AND TREE ,0.42
90129F,RED GLASS TASSLE BAG CHARM,2.95
84950,ASSORTED COLOUR T-LIGHT HOLDER,0.65
84247E,PACK/12 XMAS FUN CARD,2.95
15058B,PINK POLKADOT GARDEN PARASOL,7.95
22026,BANQUET BIRTHDAY  CARD  ,0.42
21741,COSY SLIPPER SHOES LARGE GREEN,2.95
20654,FIRST CLASS LUGGAGE TAG ,1.25
84748,FOLK FELT HANGING MULTICOL GARLAND,3.75
16207B,PINK HEART RED HANDBAG,2.95
84609,TALL ROCOCO CANDLE HOLDER,8.5
90060D,FIRE POLISHED GLASS NECKL BRONZE,5.95
21991,BOHEMIAN COLLAGE STATIONERY SET,2.95
20782,CAMOUFLAGE EAR MUFF HEADPHONES,5.49
72225C,LAVENDER SCENT CAKE CANDLE,0.29
84796B,BLUE SAVANNAH PICNIC HAMPER FOR 2,12.75
20906,VINTAGE NOTEBOOK BEAUTY GIRL,2.95
90035A,PEARL & SHELL 42"NECKL. GREEN,10.75
90036D,FLOWER GLASS GARLAND NECKL.36"BLACK,7.95
21115,ROSE CARAVAN DOORSTOP,6.75
21906,PHARMACIE FIRST AID TIN,7.13
84725,FREESTYLE CANVAS ART PICTURE,4.25
21754,HOME BUILDING BLOCK WORD,5.95
47566,PARTY BUNTING,4.65
22810,SET OF 6 T-LIGHTS SNOWMEN,2.95
21628,TRIANGULAR POUFFE VINTAGE ,14.95
22477,WATERING CAN GARDEN MARKER,1.25
21784,SHOE SHINE BOX ,9.95
22968,ROSE COTTAGE KEEPSAKE BOX ,9.95
22768,FAMILY PHOTO FRAME CORNICE,9.95
20711,JUMBO BAG TOYS ,1.95
22675,FRENCH KITCHEN SIGN BLUE METAL,1.25
85230E,STRAWBRY SCENTED VOTIVE CANDLE,0.29
22573,STAR WOODEN CHRISTMAS DECORATION,0.85
84051,ASS COLOUR GLOWING TIARAS,0.85
22862,LOVE HEART NAPKIN BOX ,4.25
21883,STARS GIFT TAPE ,0.65
22854,CREAM SWEETHEART EGG HOLDER,4.95
21107,CREAM SLICE FLANNEL PINK SPOT ,2.95
21333,CLASSIC WHITE FRAME,2.95
22260,FELT EGG COSY BLUE RABBIT ,0.85
22274,FELTCRAFT DOLL EMILY,2.95
22903,CALENDAR FAMILY FAVOURITES,2.95
90200C,BLUE SWEETHEART BRACELET,4.25
21824,PAINTED METAL STAR WITH HOLLY BELLS,1.45
84563A,PINK & WHITE BREAKFAST TRAY,5.95
22762,CUPBOARD 3 DRAWER MA CAMPAGNE,14.95
22073,RED RETROSPOT STORAGE JAR,3.75
82613B,"METAL SIGN,CUPCAKE SINGLE HOOK",1.25
21937,STRAWBERRY   PICNIC BAG,2.95
16169N,WRAP BLUE RUSSIAN FOLKART,0.42
90081C,LILY BROOCH OLIVE COLOUR,4.95
21629,SQUARE FLOOR CUSHION VINTAGE RED,7.95
21375,LARGE CAMPHOR WOOD FIELD MUSHROOM ,5.45
84247N,PACK/12 BLUE FOLKART CARDS,2.95
21698,MOCK LOBSTER FRIDGE MAGNET,0.85
85127,SMALL SQUARE CUT GLASS CANDLESTICK,4.95
84870C,GREEN GEISHA GIRL ,3.75
85163A,WHITE BAROQUE WALL CLOCK ,12.75
84507B,STRIPES DESIGN MONKEY DOLL,2.55
22667,RECIPE BOX RETROSPOT ,2.95
22241,GARLAND WOODEN HAPPY EASTER,1.25
20675,BLUE POLKADOT BOWL,1.25
20914,SET/5 RED SPOTTY LID GLASS BOWLS,2.95
22194,BLACK DINER WALL CLOCK,8.5
21892,TRADITIONAL WOODEN CATCH CUP GAME ,1.25
20861,GOLD COSMETIC BAG PINK STAR,2.1
22478,BIRDHOUSE GARDEN MARKER ,1.25
22533,MAGIC DRAWING SLATE BAKE A CAKE ,0.42
22299,PIG KEYRING WITH LIGHT & SOUND ,1.25
20752,BLUE POLKADOT WASHING UP GLOVES,2.1
20718,RED RETROSPOT SHOPPER BAG,1.25
M,Manual,1126
21533,RETROSPOT LARGE MILK JUG,4.95
21723,ALPHABET HEARTS STICKER SHEET,0.85
20750,RED RETROSPOT MINI CASES,7.95
21248,DOOR HANGER  MUM + DADS ROOM,1.45
72807A,SET/3 ROSE CANDLE IN JEWELLED BOX,4.25
22064,PINK DOUGHNUT TRINKET POT ,1.65
22616,PACK OF 12 LONDON TISSUES ,0.29
22566,FELTCRAFT HAIRBAND PINK AND PURPLE,0.85
21068,VINTAGE BILLBOARD LOVE/HATE MUG,1.25
85026B,EAU DE NILE JEWELLED T-LIGHT HOLDER,0.85
21874,GIN AND TONIC MUG,1.25
15044C,PURPLE PAPER PARASOL,2.95
21464,DISCO BALL ROTATOR BATTERY OPERATED,4.25
21145,ANTIQUE GLASS PLACE SETTING,1.25
22934,BAKING MOULD EASTER EGG WHITE CHOC,2.95
85198,ASSORTED FARMYARD ANIMALS IN BUCKET,0.85
22231,JIGSAW TREE WITH BIRDHOUSE,1.45
22305,COFFEE MUG PINK PAISLEY DESIGN,2.55
20705,MRS ROBOT SOFT TOY,1.95
22428,ENAMEL FIRE BUCKET CREAM,6.95
47563A,RETRO LONGBOARD IRONING BOARD COVER,3.75
21661,VINTAGE GLASS TEA CADDY,5.95
84616,SILVER ROCCOCO CHANDELIER,29.95
35909A,RABBIT EASTER DECORATION,2.95
85213,MINI  ZINC GARDEN DECORATIONS ,0.85
20839,FRENCH PAISLEY CUSHION COVER ,2.95
21866,UNION JACK FLAG LUGGAGE TAG,1.25
20974,12 PENCILS SMALL TUBE SKULL,0.65
22930,BAKING MOULD HEART MILK CHOCOLATE,2.55
85049B,LUSH GREENS RIBBONS,1.25
90120D,WHITE MURANO TWIST BRACELET,4.25
22722,SET OF 6 SPICE TINS PANTRY DESIGN,3.95
22586,FELTCRAFT HAIRBAND PINK AND BLUE,0.85
22324,BLUE POLKADOT KIDS BAG,1.95
21903,MAN FLU METAL SIGN,2.4
84406B,CREAM CUPID HEARTS COAT HANGER,3.44
22220,CAKE STAND LOVEBIRD 2 TIER WHITE,9.95
22729,ALARM CLOCK BAKELIKE ORANGE,3.75
20712,JUMBO BAG WOODLAND ANIMALS,1.95
22977,DOLLY GIRL CHILDRENS EGG CUP,1.25
16011,ANIMAL STICKERS,0.21
84519A,TOMATO CHARLIE+LOLA COASTER SET,2.95
21650,ASSORTED TUTTI FRUTTI BRACELET,0.65
22076,6 RIBBONS EMPIRE  ,1.65
21707,FOLDING UMBRELLA BLACKBLUE POLKADOT,4.95
22791,T-LIGHT GLASS FLUTED ANTIQUE,1.25
17012B,ORIGAMI JASMINE INCENSE/CANDLE SET,2.55
84012,MAGIC SHEEP WOOL GROWING FROM PAPER,2.55
82552,WASHROOM METAL SIGN,1.45
21718,RED METAL BEACH SPADE ,1.25
22546,MINI JIGSAW PURDEY,0.42
85206B,PINK FELT EASTER EGG BASKET,1.65
20931,BLUE POT PLANT CANDLE ,3.75
22304,COFFEE MUG BLUE PAISLEY DESIGN,2.55
85118,HEART T-LIGHT HOLDER,1.25
35833P,4 PINK FLOCK CHRISTMAS BALLS,1.25
84249A,"GREETING CARD,SQUARE, DOUGHNUTS",0.42
84596B,SMALL DOLLY MIX DESIGN ORANGE BOWL,1.25
22182,CAKE STAND VICTORIAN FILIGREE SMALL,4.95
35004B,SET OF 3 BLACK FLYING DUCKS,5.45
21117,BLOND DOLL DOORSTOP,6.75
17109D,FLOWER FAIRY INCENSE BOUQUET,1.69
22943,CHRISTMAS LIGHTS 10 VINTAGE BAUBLES,4.95
35646,VINTAGE BEAD PINK EVENING BAG,4.25
22626,BLACK KITCHEN SCALES,8.5
21098,CHRISTMAS TOILET ROLL,1.25
21328,BALLOONS  WRITING SET ,1.65
22772,PINK DRAWER KNOB ACRYLIC EDWARDIAN,1.49
35810B,ENAMEL BLUE RIM COFFEE CONTAINER,2.1
22728,ALARM CLOCK BAKELIKE PINK,3.75
85036C,ROSE 1 WICK MORRIS BOXED CANDLE,4.25
22891,TEA FOR ONE POLKADOT,4.25
21244,BLUE POLKADOT PLATE ,1.69
22926,IVORY GIANT GARDEN THERMOMETER,5.95
20969,RED FLORAL FELTCRAFT SHOULDER BAG,3.75
22261,FELT EGG COSY WHITE RABBIT ,0.85
22032,BOTANICAL LILY GREETING CARD,0.42
22468,BABUSHKA LIGHTS STRING OF 10,6.75
37495,FAIRY CAKE BIRTHDAY CANDLE SET,3.75
22696,WICKER WREATH LARGE,1.95
22458,CAST IRON HOOK GARDEN FORK,2.55
22906,12 MESSAGE CARDS WITH ENVELOPES,1.65
21136,PAINTED METAL PEARS ASSORTED,1.69
22813,PACK 3 BOXES BIRD PANNETONE ,1.95
21845,DAIRY MAID STRIPE MUG,2.95
20766,GARDEN PATH SKETCHBOOK,3.75
22200,FRYING PAN PINK POLKADOT,4.25
22268,EASTER DECORATION SITTING BUNNY,0.85
90209C,PINK ENAMEL+GLASS HAIR COMB,2.1
84817,DANISH ROSE DECORATIVE PLATE,2.1
22535,MAGIC DRAWING SLATE BUNNIES ,0.42
21815,STAR  T-LIGHT HOLDER ,1.45
22250,DECORATION  BUTTERFLY  MAGIC GARDEN,0.85
84596F,SMALL MARSHMALLOWS PINK BOWL,1.25
22229,BUNNY WOODEN PAINTED WITH FLOWER ,0.85
17013D,ORIGAMI ROSE INCENSE IN TUBE,1.65
46138B,BLUE CHENILLE SHAGGY CUSHION COVER ,1.95
47420,ASSORTED COLOUR SUCTION CUP HOOK,0.19
21246,RED RETROSPOT BIG BOWL,4.95
20933,YELLOW POT PLANT CANDLE,3.75
21250,SET OF SKULL WALL STICKERS,2.95
84569A,PACK 3 IRON ON DOG PATCHES,1.25
85099B,JUMBO BAG RED RETROSPOT,1.95
85187,S/12 MINI RABBIT EASTER,1.65
22783,SET 3 WICKER OVAL BASKETS W LIDS,19.95
22604,SET OF 4 NAPKIN CHARMS CUTLERY,2.55
21137,BLACK RECORD COVER FRAME,3.75
84997C,BLUE 3 PIECE POLKADOT CUTLERY SET,3.75
22153,ANGEL DECORATION STARS ON DRESS,0.42
22753,SMALL YELLOW BABUSHKA NOTEBOOK ,0.85
84819,DANISH ROSE ROUND SEWING BOX,4.25
16235,RECYCLED PENCIL WITH RABBIT ERASER,0.21
22502,PICNIC BASKET WICKER SMALL,5.95
21891,TRADITIONAL WOODEN SKIPPING ROPE,1.25
22128,PARTY CONES CANDY ASSORTED,1.25
22398,MAGNETS PACK OF 4 SWALLOWS,1.25
22273,FELTCRAFT DOLL MOLLY,2.95
85114C,RED ENCHANTED FOREST PLACEMAT,1.65
48173C,DOORMAT BLACK FLOCK ,7.95
20973,12 PENCIL SMALL TUBE WOODLAND,0.65
21911,GARDEN METAL SIGN ,1.65
22396,MAGNETS PACK OF 4 RETRO PHOTO,1.25
22515,CHILDS GARDEN SPADE PINK,2.1
21430,SET/3 RED GINGHAM ROSE STORAGE BOX,4.25
21245,GREEN POLKADOT PLATE ,1.69
22786,CUSHION COVER PINK UNION JACK,5.95
22716,CARD CIRCUS PARADE,0.42
16161P,WRAP ENGLISH ROSE ,0.42
21054,NURSE'S BAG SOFT TOY,8.95
22902,TOTE BAG I LOVE LONDON,2.1
16015,MEDIUM CHINESE STYLE SCISSOR,0.5
84968F,SET OF 16 VINTAGE SKY BLUE CUTLERY,12.75
71215,METAL BASE FOR CANDLES,0.42
84360,TABLE LAMP WHITE SHADE WOOD BASE,5.95
84658,WHITE STITCHED CUSHION COVER,6.95
21417,COCKLE SHELL DISH,2.1
22323,PINK POLKADOT KIDS BAG,1.95
82011A,"BATHROOM SCALES, TROPICAL BEACH",3.75
21763,VINTAGE WOODEN BAR STOOL,29.95
84840,SWEETHEART CARRY-ALL BASKET,8.5
84875B,GREEN SQUARE COMPACT MIRROR,3.75
21401,BLUE PUDDING SPOON,0.42
37489A,YELLOW/PINK FLOWER DESIGN BIG MUG,1.95
90173,PAIR BUTTERFLY HAIR CLIPS,3.75
17007B,S/3 POT POURI CUSHIONS BLUE COLOURS,2.1
90094,NECKLACE+BRACELET SET FRUIT SALAD ,2.55
90185A,AMBER DIAMANTE EXPANDABLE RING,4.25
47503H,ASS FLORAL PRINT SPIRIT LEVEL ,1.95
20749,ASSORTED COLOUR MINI CASES,7.95
21080,SET/20 RED RETROSPOT PAPER NAPKINS ,0.85
22491,PACK OF 12 COLOURED PENCILS,0.85
90129B,TURQUOISE GLASS TASSLE BAG CHARM ,2.95
22845,VINTAGE CREAM CAT FOOD CONTAINER,6.91
22525,CHILDRENS GARDEN GLOVES PINK,1.25
22438,BALLOON ART MAKE YOUR OWN FLOWERS,1.95
22482,BLUE TEA TOWEL CLASSIC DESIGN,1.25
16237,SLEEPING CAT ERASERS,0.21
22957,SET 3 PAPER VINTAGE CHICK PAPER EGG,2.95
21672,WHITE SPOT RED CERAMIC DRAWER KNOB,1.49
21684,SMALL MEDINA STAMPED METAL BOWL ,0.85
22350,ILLUSTRATED CAT BOWL ,2.69
21156,RETROSPOT CHILDRENS APRON,1.95
21110,LARGE CAKE TOWEL PINK SPOTS,6.75
22872,NUMBER TILE COTTAGE GARDEN 4,1.95
22536,MAGIC DRAWING SLATE PURDEY,0.42
22406,MONEY BOX KINGS CHOICE DESIGN,1.25
20686,DOLLY MIXTURE CHILDREN'S UMBRELLA,3.25
22281,EASTER TREE YELLOW BIRDS,5.95
21849,SILVER DIAMANTE PEN IN GIFT BOX,4.95
20983,12 PENCILS TALL TUBE RED RETROSPOT,0.85
21981,PACK OF 12 WOODLAND TISSUES ,0.29
21738,COSY SLIPPER SHOES SMALL  RED ,2.95
22932,BAKING MOULD TOFFEE CUP CHOCOLATE,2.55
84251G,"GREETING CARD, OVERCROWDED POOL.",0.19
84600,NEW BAROQUE JEWELLERY BOX ,7.95
85172,HYACINTH BULB T-LIGHT CANDLES,0.42
90104,PURPLE FRANGIPANI HAIRCLIP,0.85
22605,WOODEN CROQUET GARDEN SET,14.95
21472,LADYBIRD + BEE RAFFIA FOOD COVER,3.75
84508B,STRIPES DESIGN TEDDY,2.55
22826,LOVE SEAT ANTIQUE WHITE METAL,175
90122C,TURQUOISE CRYSTAL+GLASS BRACELET,4.95
85167B,BLACK GRAND BAROQUE PHOTO FRAME,4.25
84745A,PINK HANGING GINGHAM EASTER HEN,0.42
79192A,RETRO PLASTIC 70'S TRAY,1.25
21400,RED PUDDING SPOON,0.42
47579,TEA TIME BREAKFAST BASKET,2.1
37464,ROBOT MUG IN DISPLAY BOX,1.25
16207A,PINK STRAWBERRY HANDBAG ,2.95
35599B,BLACK CHRISTMAS TREE 120CM,8.49
84226,HEN HOUSE W FAMILY IN BARN & NEST,0.85
21743,STAR PORTABLE TABLE LIGHT ,2.95
21059,PARTY INVITES DINOSAURS,0.85
21258,VICTORIAN SEWING BOX LARGE,12.75
22057,CERAMIC PLATE STRAWBERRY DESIGN,1.49
21479,WHITE SKULL HOT WATER BOTTLE ,3.75
22040,BOTANICAL ROSE GIFT WRAP,0.42
22168,ORGANISER WOOD ANTIQUE WHITE ,8.5
82580,BATHROOM METAL SIGN,0.73
22547,MINI JIGSAW DINOSAUR ,0.42
22201,FRYING PAN BLUE POLKADOT,4.25
72741,GRAND CHOCOLATECANDLE,1.45
21584,RETROSPOT SMALL TUBE MATCHES,1.65
22745,POPPY'S PLAYHOUSE BEDROOM ,2.1
22689,DOORMAT MERRY CHRISTMAS RED ,7.95
21217,RED RETROSPOT ROUND CAKE TINS,9.95
21509,COWBOYS AND INDIANS BIRTHDAY CARD ,0.42
21508,VINTAGE KID DOLLY CARD ,0.42
21090,SET/6 COLLAGE PAPER PLATES,0.85
23232,WRAP VINTAGE PETALS  DESIGN,0.42
84665,SQUARE CHERRY BLOSSOM CABINET,5.95
35653,VINTAGE BEAD NOTEBOOK,2.95
85089,CANDY SPOT BUNNY,2.95
90214V,LETTER "V" BLING KEY RING,1.25
37340,MULTICOLOUR SPRING FLOWER MUG,0.85
20854,BLUE PATCH PURSE PINK HEART,1.65
22095,LADS ONLY TISSUE BOX,1.25
22644,CERAMIC CHERRY CAKE MONEY BANK,1.45
22411,JUMBO SHOPPER VINTAGE RED PAISLEY,1.95
22763,KEY CABINET MA CAMPAGNE,9.95
82583,HOT BATHS METAL SIGN,2.21
16236,KITTY PENCIL ERASERS,0.21
22581,WOOD STOCKING CHRISTMAS SCANDISPOT,0.85
22540,MINI JIGSAW CIRCUS PARADE ,0.42
22100,SKULLS SQUARE TISSUE BOX,1.25
85169B,BLACK LOVE BIRD CANDLE,1.25
72232,FENG SHUI PILLAR CANDLE,0.19
22705,WRAP GREEN PEARS ,0.42
84754,S/15 SILVER GLASS BAUBLES IN BAG,1.25
21942,SKULLS DESIGN FLANNEL,0.85
21980,PACK OF 12 RED RETROSPOT TISSUES ,0.29
22081,RIBBON REEL FLORA + FAUNA ,1.65
22916,HERB MARKER THYME,0.65
22679,FRENCH BLUE METAL DOOR SIGN 4,1.25
16008,SMALL FOLDING SCISSOR(POINTED EDGE),0.25
44235,ASS COL CIRCLE MOBILE ,0.42
77101A,UNION FLAG WINDSOCK,1.25
22606,WOODEN SKITTLES GARDEN SET,15.95
22714,CARD BIRTHDAY COWBOY,0.42
35001W,HAND OPEN SHAPE DECO.WHITE,3.49
21910,WAY OUT METAL SIGN ,1.65
90190C,SILVER/AMETHYST DROP EARRINGS LEAF,2.95
62086A,PINK RETRO BIG FLOWER BAG,1.95
23166,MEDIUM CERAMIC TOP STORAGE JAR,1.04
20848,ZINC HEART LATTICE CHARGER SMALL,2.95
37489D,PINK/GREEN FLOWER DESIGN BIG MUG,1.95
20757,RED DAISY POCKET BOOK ,0.85
84531B,BLUE KNITTED EGG COSY,1.95
84963A,PINK PAINTED KASHMIRI CHAIR,42.95
20764,ABSTRACT CIRCLES SKETCHBOOK ,3.75
21531,RED RETROSPOT SUGAR JAM BOWL,2.55
90129C,GREEN GLASS TASSLE BAG CHARM,2.95
16238,PARTY TIME PENCIL ERASERS,0.21
90160D,PINK BOUDICCA LARGE BRACELET,6.95
20774,GREEN FERN NOTEBOOK,1.65
22055,MINI CAKE STAND  HANGING STRAWBERY,1.65
84849D,HOT BATHS SOAP HOLDER,1.69
16225,RATTLE SNAKE EGGS,1.25
22871,NUMBER TILE COTTAGE GARDEN 3 ,1.95
22052,VINTAGE CARAVAN GIFT WRAP,0.42
22817,CARD SUKI BIRTHDAY,0.42
22311,OFFICE MUG WARMER BLACK+SILVER ,2.95
22310,IVORY KNITTED MUG COSY ,1.65
21209,MULTICOLOUR HONEYCOMB FAN,1.65
21042,RED RETROSPOT APRON ,5.95
21200,MULTICOLOUR HONEYCOMB PAPER GARLAND,1.65
22609,PENS ASSORTED SPACEBALL,0.21
84625C,BLUE NEW BAROQUE CANDLESTICK CANDLE,2.95
21813,GARLAND WITH STARS AND BELLS,4.95
22357,KINGS CHOICE BISCUIT TIN,4.25
35924,HANGING FAIRY CAKE DECORATION,2.1
22316,200 BENDY SKULL STRAWS,1.25
22821,GIFT BAG PSYCHEDELIC APPLES,0.65
84926E,FLOWERS TILE COASTER,0.42
21878,PACK OF 6 SANDCASTLE FLAGS ASSORTED,0.85
21555,CERAMIC STRAWBERRY TRINKET TRAY,2.55
47585A,PINK FAIRY CAKE CUSHION COVER,3.75
40003,WHITE BAMBOO RIBS LAMPSHADE,1.25
84247K,"FOLK ART GREETING CARD,pack/12",2.95
84674,FLYING PIG WATERING CAN,2.95
16169K,WRAP FOLK ART,0.42
84751B,BLACK MEDIUM GLASS CAKE STAND,3.75
78034B,BLUE NETTING STORAGE HANGER,1.95
20932,PINK POT PLANT CANDLE,3.75
47504K,ENGLISH ROSE GARDEN SECATEURS,1.95
22713,CARD I LOVE LONDON ,0.42
22271,FELTCRAFT DOLL ROSIE,2.95
21063,PARTY INVITES JAZZ HEARTS,0.85
72817,SET OF 2 CHRISTMAS DECOUPAGE CANDLE,1.25
22910,PAPER CHAIN KIT VINTAGE CHRISTMAS,2.95
20754,RETROSPOT RED WASHING UP GLOVES,2.1
82494L,WOODEN FRAME ANTIQUE WHITE ,2.95
22961,JAM MAKING SET PRINTED,1.45
POST,POSTAGE,40
21670,BLUE SPOT CERAMIC DRAWER KNOB,1.49
21495,SKULLS AND CROSSBONES WRAP,0.42
21275,ZINC TOP  2 DOOR WOODEN SHELF ,16.95
22690,DOORMAT HOME SWEET HOME BLUE ,7.95
84559B,3D SHEET OF CAT STICKERS,0.85
22414,DOORMAT NEIGHBOURHOOD WITCH ,7.95
22426,ENAMEL WASH BOWL CREAM,3.75
22498,WOODEN REGATTA BUNTING,5.95
21688,SILVER PLATE CANDLE BOWL SMALL,2.95
22267,EASTER DECORATION EGG BUNNY ,1.25
48129,DOORMAT TOPIARY,7.95
22053,EMPIRE DESIGN ROSETTE,1.25
16016,LARGE CHINESE STYLE SCISSOR,0.85
85186A,EASTER BUNNY GARLAND OF FLOWERS,0.42
15044A,PINK PAPER PARASOL ,2.95
17021,NAMASTE SWAGAT INCENSE,0.3
22831,WHITE BROCANTE SOAP DISH,2.95
22928,YELLOW GIANT GARDEN THERMOMETER,5.95
90002D,FLOWER BURST SILVER RING CRYSTAL,3.75
37475,SET/4 COLOURFUL MIXING BOWLS,9.95
84828,JUNGLE POPSICLES ICE LOLLY HOLDERS,1.25
20707,CRAZY DAISY HEART DECORATION,1.25
22204,MILK PAN BLUE POLKADOT,3.75
16218,CARTOON  PENCIL SHARPENERS,0.16
35832,WOOLLY HAT SOCK GLOVE ADVENT STRING,2.95
90003B,ROSE COLOUR PAIR HEART HAIR SLIDES,3.75
81950V,FLOWER PURPLE CLOCK W/SUCKER,0.85
21761,WOOD AND GLASS MEDICINE CABINET,29.95
90036E,FLOWER GLASS GARLD NECKL36"AMETHYST,7.95
85146,JARDIN ETCHED GLASS SMALL BELL JAR,4.95
85131C,BEADED CRYSTAL HEART BLUE ON STICK,1.25
22077,6 RIBBONS RUSTIC CHARM,1.65
22664,TOY TIDY DOLLY GIRL DESIGN,2.1
22059,CERAMIC STRAWBERRY DESIGN MUG,1.49
22174,PHOTO CUBE,1.65
85093,CANDY SPOT EGG WARMER HARE,1.25
22444,GROW YOUR OWN PLANT IN A CAN ,1.25
22736,RIBBON REEL MAKING SNOWMEN ,1.65
22500,SET OF 2 TINS JARDIN DE PROVENCE,4.95
20992,JAZZ HEARTS PURSE NOTEBOOK,0.85
21773,DECORATIVE ROSE BATHROOM BOTTLE,1.25
21976,PACK OF 60 MUSHROOM CAKE CASES,0.55
22157,ANGEL DECORATION WITH LACE PADDED,0.85
84945,MULTI COLOUR SILVER T-LIGHT HOLDER,0.85
21506,"FANCY FONT BIRTHDAY CARD, ",0.42
21041,RED RETROSPOT OVEN GLOVE DOUBLE,2.95
21916,SET 12 RETRO WHITE CHALK STICKS,0.42
21826,EIGHT PIECE DINOSAUR SET,1.25
48185,DOORMAT FAIRY CAKE,7.95
21327,SKULLS WRITING SET ,1.65
21851,LILAC DIAMANTE PEN IN GIFT BOX,4.95
22027,TEA PARTY BIRTHDAY CARD,0.42
22028,PENNY FARTHING BIRTHDAY CARD,0.42
21125,SET 6 FOOTBALL CELEBRATION CANDLES,1.25
22935,BAKING MOULD ROSE MILK CHOCOLATE,3.25
85129B,BEADED CRYSTAL HEART GREEN SMALL,1.25
20758,ABSTRACT CIRCLES POCKET BOOK,0.85
22520,CHILDS GARDEN TROWEL BLUE ,0.85
20771,CHRYSANTHEMUM  JOURNAL,2.55
84499,BLACK FLOWER CANDLE PLATE,0.85
22129,PARTY CONES CANDY TREE DECORATION,0.85
84843,WHITE SOAP RACK WITH 2 BOTTLES,5.95
84251C,"GREETING CARD, TWO SISTERS.",0.19
22434,BALLOON PUMP WITH 10 BALLOONS,1.95
22033,BOTANICAL ROSE GREETING CARD,0.42
90067A,PINK VINTAGE VICTORIAN EARRINGS,2.95
85087,CANDY SPOT CUSHION COVER,2.95
79329,PINK FLOCK GLASS CANDLEHOLDER,1.65
21645,ASSORTED TUTTI FRUTTI ROUND BOX,1.65
79323B,BLACK CHERRY LIGHTS,6.75
22354,RETROSPOT PADDED SEAT CUSHION,3.75
22795,SWEETHEART RECIPE BOOK STAND,6.75
21936,RED RETROSPOT PICNIC BAG,2.95
82482,WOODEN PICTURE FRAME WHITE FINISH,2.55
22355,CHARLOTTE BAG SUKI DESIGN,0.85
84997B,RED 3 PIECE RETROSPOT CUTLERY SET,3.75
22149,FELTCRAFT 6 FLOWER FRIENDS,2.1
22939,APRON APPLE DELIGHT,4.95
22798,ANTIQUE GLASS DRESSING TABLE POT,2.95
21122,SET/10 PINK POLKADOT PARTY CANDLES,1.25
84920,PINK FLOWER FABRIC PONY,3.75
22946,WOODEN ADVENT CALENDAR CREAM,16.95
21867,PINK UNION JACK  LUGGAGE TAG,1.25
22427,ENAMEL FLOWER JUG CREAM,5.95
84969,BOX OF 6 ASSORTED COLOUR TEASPOONS,4.25
22588,CARD HOLDER GINGHAM HEART,2.55
22807,SET OF 6 T-LIGHTS TOADSTOOLS,2.95
85035A,GARDENIA 3 WICK MORRIS BOXED CANDLE,4.25
22164,STRING OF STARS CARD HOLDER,2.95
17003,BROCADE RING PURSE ,0.21
21668,RED STRIPE CERAMIC DRAWER KNOB,1.49
84827,ASS DES PHONE SPONGE CRAFT STICKER,0.65
21992,VINTAGE PAISLEY STATIONERY SET,2.95
22765,NEWSPAPER STAND,14.95
22318,FIVE HEART HANGING DECORATION,2.95
22236,CAKE STAND 3 TIER MAGIC GARDEN,12.75
18007,ESSENTIAL BALM 3.5g TIN IN ENVELOPE,0.18
90010B,BLACK/WHITE GLASS/SILVER BRACELET,8.95
22496,SET OF 2 ROUND TINS DUTCH CHEESE,2.95
84799,SPRIG LAVENDER ARTIFICIAL FLOWER,1.25
22929,SCHOOL DESK AND CHAIR ,65
10125,MINI FUNKY DESIGN TAPES,0.85
21488,RED WHITE SCARF  HOT WATER BOTTLE,3.95
15044B,BLUE PAPER PARASOL ,2.95
21269,ANTIQUE CREAM CUTLERY SHELF ,8.5
21116,OWL DOORSTOP,4.95
84683,CLASSICAL ROSE CANDLESTAND,0.65
22332,SKULLS PARTY BAG + STICKER SET,1.65
35817P,"ACRYLIC JEWEL SNOWFLAKE,PINK",2.55
90184C,BLACK CHUNKY BEAD BRACELET W STRAP,8.95
90170,DAISY HAIR BAND,1.65
84631,FRUIT TREE AND BIRDS WALL PLAQUE,7.95
90146,FINE SILVER NECKLACE W PASTEL FLOWE,7.5
20957,PORCELAIN HANGING BELL SMALL,1.45
22165,"DIAMANTE HEART SHAPED WALL MIRROR, ",12.75
90196A,PURPLE GEMSTONE NECKLACE 45CM,12.75
20713,JUMBO BAG OWLS,1.95
22619,SET OF 6 SOLDIER SKITTLES,3.75
21918,SET 12 KIDS COLOUR  CHALK STICKS,0.42
85053,FRENCH ENAMEL CANDLEHOLDER,2.1
22737,RIBBON REEL CHRISTMAS PRESENT ,1.65
22963,JAM JAR WITH GREEN LID,0.85
20724,RED RETROSPOT CHARLOTTE BAG,0.85
22725,ALARM CLOCK BAKELIKE CHOCOLATE,3.75
21781,MA CAMPAGNE CUTLERY BOX,14.95
22952,72 CAKE CASES VINTAGE CHRISTMAS,0.55
22805,BLUE DRAWER KNOB ACRYLIC EDWARDIAN,1.25
21033,JUMBO BAG CHARLIE AND LOLA TOYS,2.95
35241,ENAMEL BLUE RIM BISCUIT BIN,4.95
22530,MAGIC DRAWING SLATE DOLLY GIRL ,0.42
21908,CHOCOLATE THIS WAY METAL SIGN,2.4
22066,LOVE HEART TRINKET POT,1.45
21218,RED SPOTTY BISCUIT TIN,3.75
21126,SET OF 6 GIRLS CELEBRATION CANDLES,1.25
20936,FORKED CACTUS CANDLE,2.95
84846A,SCENTED CANDLE IN DIGITALIS TIN,2.1
21657,MILK BOTTLE WITH GLASS STOPPER ,6.95
85177,BASKET OF FLOWERS SEWING KIT,0.85
21163,DO NOT TOUCH MY STUFF DOOR HANGER ,1.45
71279,PINK GLASS CANDLEHOLDER,2.95
22366,DOORMAT AIRMAIL ,7.95
21292,SMALL STRIPES CHOCOLATE GIFT BAG ,0.85
85104,SILVER GLASS T-LIGHT SET,2.95
22519,CHILDS GARDEN BRUSH PINK,2.1
22277,COSMETIC BAG VINTAGE ROSE PAISLEY,2.1
21547,CERAMIC BIRDHOUSE CRESTED TIT SMALL,2.95
22329,ROUND CONTAINER SET OF 5 RETROSPOT,1.65
20696,FLORAL SOFT CAR TOY,3.75
84218,BOX/12 CHICK & EGG IN BASKET,1.95
22320,BIRDS MOBILE VINTAGE DESIGN,5.95
84925F,PSYCHEDELIC WALL THERMOMETER,2.55
44228,CANNABIS LEAF BEAD CURTAIN,0.85
90200A,PURPLE SWEETHEART BRACELET,4.25
20894,HANGING BAUBLE T-LIGHT HOLDER LARGE,2.95
21212,PACK OF 72 RETROSPOT CAKE CASES,0.55
85232A,SET/3 POLKADOT STACKING TINS,4.95
22651,GENTLEMAN SHIRT REPAIR KIT ,0.85
84802A,WHITE ANEMONE ARTIFICIAL FLOWER,1.69
20777,CHRYSANTHEMUM NOTEBOOK,1.65
17107D,"FLOWER FAIRY,5 SUMMER B'DRAW LINERS",2.55
47590B,PINK HAPPY BIRTHDAY BUNTING,5.45
21380,WOODEN HAPPY BIRTHDAY GARLAND,2.95
22085,PAPER CHAIN KIT SKULLS ,2.95
85016,SET OF 6 VINTAGE NOTELETS KIT,2.55
21817,GLITTER CHRISTMAS TREE,0.85
22313,OFFICE MUG WARMER PINK,2.95
17084R,ASSORTED INCENSE PACK,0.21
85084,HOLLY TOP CHRISTMAS STOCKING,0.85
90125A,PINK BERTIE GLASS BEAD BAG CHARM,0.85
21618,4 WILDFLOWER BOTANICAL CANDLES,3.75
21882,SKULLS TAPE,0.65
22717,CARD DOG AND BALL ,0.42
21287,SCENTED VELVET LOUNGE CANDLE ,1.25
21793,CLASSIC FRENCH STYLE BASKET BROWN,6.75
21003,ROSE DU SUD CUSHION COVER,6.35
22823,CHEST NATURAL WOOD 20 DRAWERS,125
71403,PINK/WHITE "KEEP CLEAN" BULLET BIN,2.95
22642,SET OF 4 NAPKIN CHARMS STARS   ,2.55
20652,BLUE POLKADOT LUGGAGE TAG ,1.25
84874B,BLUE TRAVEL FIRST AID KIT,1.65
90195A,PURPLE GEMSTONE BRACELET,8.95
21025,SPACE FROG,1.25
21370,MIRRORED WALL ART FOXY,6.35
84596J,MIXED NUTS LIGHT GREEN BOWL,1.25
21711,FOLDING UMBRELLA WHITE/RED POLKADOT,4.95
35915B,BLUE KNITTED HEN ,1.65
85107,CUT GLASS T-LIGHT HOLDER OCTAGON,2.55
84952C,MIRROR LOVE BIRD T-LIGHT HOLDER,3.75
22779,WOODEN OWLS LIGHT GARLAND ,4.25
21890,S/6 WOODEN SKITTLES IN COTTON BAG,2.95
20681,PINK POLKADOT CHILDRENS UMBRELLA,3.25
22956,36 FOIL HEART CAKE CASES,2.1
72351A,SET/6 TURQUOISE BUTTERFLY T-LIGHTS,2.1
21696,SMALL SILVER TRELLIS CANDLEPOT,2.95
21114,LAVENDER SCENTED FABRIC HEART,1.25
47021G,SET/6 BEAD COASTERS GAUZE BAG GOLD,1.25
22384,LUNCH BAG PINK POLKADOT,1.65
22356,CHARLOTTE BAG PINK POLKADOT,0.85
22756,LARGE YELLOW BABUSHKA NOTEBOOK ,1.25
84032A,CHARLIE+LOLA PINK HOT WATER BOTTLE,2.95
21631,HIPPY CHIC DECORATIVE PARASOL,3.95
85159B,"WHITE TEA,COFFEE,SUGAR JARS",6.35
90125D,PURPLE BERTIE GLASS BEAD BAG CHARM,2.1
85185B,PINK HORSE SOCK PUPPET,2.95
21518,BANK ACCOUNT  GREETING  CARD ,0.42
22065,CHRISTMAS PUDDING TRINKET POT ,1.45
21111,"SWISS ROLL TOWEL, CHOCOLATE  SPOTS",2.95
21576,LETS GO SHOPPING COTTON TOTE BAG,2.25
72799F,IVORY PILLAR CANDLE GOLD FLOCK,2.95
35648,VINTAGE BEAD PINK PURSE ,2.95
47351B,BLUE  VOILE LAMPSHADE,2.95
22259,FELT FARM ANIMAL HEN,1.25
22372,AIRLINE BAG VINTAGE WORLD CHAMPION ,4.25
21473,SWEETHEART CREAM STEEL TABLE RECT,19.95
90175C,BLUE GLASS CHUNKY CHARM BRACELET,8.95
21319,GLASS CHALICE GREEN  SMALL ,1.65
79164,BLACK WINE GLASS,1.65
21060,PARTY INVITES BALLOON GIRL,0.85
22030,SWALLOWS GREETING CARD,0.42
22659,LUNCH BOX I LOVE LONDON,1.95
22637,PIGGY BANK RETROSPOT ,2.55
21201,TROPICAL  HONEYCOMB PAPER GARLAND ,2.55
22583,PACK OF 6 HANDBAG GIFT BOXES,2.55
22460,EMBOSSED GLASS TEALIGHT HOLDER,1.25
22488,NATURAL SLATE RECTANGLE CHALKBOARD,1.65
22445,PENCIL CASE LIFE IS BEAUTIFUL,2.95
22778,GLASS CLOCHE SMALL,3.95
21667,GLASS CAKE COVER AND PLATE,14.95
20663,QUEEN OF THE SKIES HOLIDAY PURSE ,2.95
22767,TRIPLE PHOTO FRAME CORNICE ,9.95
22635,CHILDS BREAKFAST SET DOLLY GIRL ,9.95
21000,ROSE DU SUD COSMETICS BAG,4.25
22409,MONEY BOX BISCUITS DESIGN,1.25
22915,ASSORTED BOTTLE TOP  MAGNETS ,0.42
21204,DAISIES  HONEYCOMB GARLAND ,1.65
85049F,BABY BOOM RIBBONS ,1.25
22775,PURPLE DRAWERKNOB ACRYLIC EDWARDIAN,1.49
22485,SET OF 2 WOODEN MARKET CRATES,12.75
21331,MOROCCAN BEATEN METAL DISH LARGE,12.75
84531A,PINK KNITTED EGG COSY,1.95
21556,CERAMIC STRAWBERRY MONEY BOX,2.55
22162,HEART GARLAND RUSTIC PADDED,2.95
85183A,CHARLIE & LOLA WASTEPAPER BIN BLUE,3.75
22161,HEART DECORATION RUSTIC HANGING ,0.65
22517,CHILDS GARDEN RAKE PINK,2.1
84859A,SILVER DISCO HANDBAG,5.95
22459,CAST IRON HOOK GARDEN TROWEL,2.55
90059B,DIAMANTE HAIR GRIP PACK/2 BLACK DIA,1.65
90042A,FRESHWATER PEARL BRACELET GOLD,2.55
22173,METAL 4 HOOK HANGER FRENCH CHATEAU,2.95
21989,PACK OF 20 SKULL PAPER NAPKINS,0.85
22744,MAKE YOUR OWN MONSOON CARD KIT,2.95
22113,GREY HEART HOT WATER BOTTLE,3.75
22300,COFFEE MUG DOG + BALL DESIGN,2.55
22510,GINGHAM BABUSHKA DOORSTOP,3.75
16169P,WRAP GREEN RUSSIAN FOLKART ,0.42
22386,JUMBO BAG PINK POLKADOT,1.95
21811,CHRISTMAS HANGING HEART WITH BELL,1.25
84692,BOX OF 24 COCKTAIL PARASOLS,0.42
21524,DOORMAT SPOTTY HOME SWEET HOME,7.95
22303,COFFEE MUG APPLES DESIGN,2.55
85062,PEARL CRYSTAL PUMPKIN T-LIGHT HLDR,1.65
22825,DECORATIVE PLANT POT WITH FRIEZE,7.95
21633,SUNFLOWER DECORATIVE PARASOL,3.95
21717,EASTER TIN BUCKET,2.55
22893,MINI CAKE STAND T-LIGHT HOLDER,0.42
22555,PLASTERS IN TIN STRONGMAN,1.65
51014A,"FEATHER PEN,HOT PINK",0.85
22544,MINI JIGSAW SPACEBOY,0.42
22214,CANDLE PLATE LACE WHITE,2.55
20996,JAZZ HEARTS ADDRESS BOOK,0.42
85042,ANTIQUE LILY FAIRY LIGHTS,4.95
22461,SAVOY ART DECO CLOCK,12.75
22589,CARDHOLDER GINGHAM STAR,2.55
84581,DOG TOY WITH PINK CROCHET SKIRT,3.75
22103,MIRROR MOSAIC T-LIGHT HOLDER ROUND,1.65
21284,RETROSPOT CANDLE  SMALL,1.69
21106,CREAM SLICE FLANNEL CHOCOLATE SPOT ,2.95
35095A,BLUE VICTORIAN FABRIC OVAL BOX,0.42
20657,TROPICAL LUGGAGE TAG,1.25
85078,SCANDINAVIAN 3 HEARTS NAPKIN RING,0.65
46000S,POLYESTER FILLER PAD 40x40cm,1.45
21705,BAG 500g SWIRLY MARBLES,1.65
21415,CLAM SHELL SMALL ,2.1
22221,CAKE STAND LOVEBIRD 2 TIER PINK,9.95
22407,MONEY BOX FIRST ADE DESIGN,1.25
85132A,CHARLIE + LOLA BISCUITS TINS,9.95
21286,RETROSPOT CANDLE  LARGE,2.55
22408,MONEY BOX CONFECTIONERY DESIGN,1.25
90027A,GLASS BEAD HOOP EARRINGS BLACK,2.95
22629,SPACEBOY LUNCH BOX ,1.95
21191,LARGE WHITE HONEYCOMB PAPER BELL  ,2.1
85144,JARDIN ETCHED GLASS CHEESE DISH,7.25
22654,DELUXE SEWING KIT ,5.95
84755,COLOUR GLASS T-LIGHT HOLDER HANGING,0.65
22837,HOT WATER BOTTLE BABUSHKA LARGE,4.65
22562,MONSTERS STENCIL CRAFT,1.25
22865,HAND WARMER OWL DESIGN,2.1
20615,BLUE POLKADOT PASSPORT COVER,2.1
90129A,PINK GLASS TASSLE BAG CHARM ,2.95
72351B,SET/6 PINK  BUTTERFLY T-LIGHTS,2.1
20677,PINK POLKADOT BOWL,1.25
90160B,RED BOUDICCA LARGE BRACELET,6.95
20857,BLUE ROSE PATCH PURSE PINK BUTTERFL,1.65
84569D,PACK 6 HEART/ICE-CREAM PATCHES,1.25
21609,SET 12 LAVENDER  BOTANICAL T-LIGHTS,2.95
22632,HAND WARMER RED RETROSPOT,2.1
21454,PAINTED PINK RABBIT ,0.85
90210A,GREY ACRYLIC FACETED BANGLE,2.95
85232B,SET OF 3 BABUSHKA STACKING TINS,4.95
21708,FOLDING UMBRELLA CREAM POLKADOT,4.95
84536A,ENGLISH ROSE NOTEBOOK A7 SIZE,0.42
47503A,ASS FLORAL PRINT MULTI SCREWDRIVER,1.25
22116,METAL SIGN HIS DINNER IS SERVED,2.95
21739,COSY SLIPPER SHOES SMALL GREEN,2.95
46000R,POLYESTER FILLER PAD 45x30cm,1.45
84912A,PINK ROSE WASHBAG,3.75
21313,GLASS HEART T-LIGHT HOLDER ,0.85
85215,ASSORTED CHEESE FRIDGE MAGNETS,0.65
22509,SEWING BOX RETROSPOT DESIGN ,16.95
22641,SET OF 4 NAPKIN CHARMS INSTRUMENT,2.55
21828,EIGHT PIECE SNAKE  SET,1.25
46000U,POLYESTER FILLER PAD 30CMx30CM,1.25
62094B,TURQ ICE CREAM BUM BAG ,2.55
79403,FROSTED WHITE BASE ,0.85
21030,SPACE CADET RED,1.25
72709,IVORY SCULPTED RND CANDLE ,0.85
85032D,YULETIDE IMAGES GIFT WRAP SET,2.1
90186B,CRYSTAL HOOP EARRING FLORAL LEAF,2.95
21232,STRAWBERRY CERAMIC TRINKET BOX,1.25
22382,LUNCH BAG SPACEBOY DESIGN ,1.65
22331,WOODLAND PARTY BAG + STICKER SET,1.65
22749,FELTCRAFT PRINCESS CHARLOTTE DOLL,3.75
22940,FELTCRAFT CHRISTMAS FAIRY,4.25
22187,GREEN CHRISTMAS TREE CARD HOLDER,4.25
22176,BLUE OWL SOFT TOY,2.95
20829,GLITTER HANGING BUTTERFLY STRING,2.1
21155,RED RETROSPOT PEG BAG,2.1
22371,AIRLINE BAG VINTAGE TOKYO 78,4.25
22614,PACK OF 12 SPACEBOY TISSUES,0.29
21714,CITRONELLA CANDLE GARDEN POT,1.25
20716,PARTY FOOD SHOPPER BAG,1.25
72799E,IVORY PILLAR CANDLE SILVER FLOCK,2.95
22514,CHILDS GARDEN SPADE BLUE,2.1
21756,BATH BUILDING BLOCK WORD,6.6
21985,PACK OF 12 HEARTS DESIGN TISSUES ,0.29
21392,RED POLKADOT PUDDING BOWL,2.1
22051,BLUE SCANDINAVIAN PAISLEY WRAP,0.42
20963,APPLE BATH SPONGE,1.25
35651,VINTAGE BEAD PINK SCARF ,7.95
22269,EGG CUP NATURAL CHICKEN,1.25
85039A,SET/4 RED MINI ROSE CANDLE IN BOWL,1.65
85230B,CINNAMON SCENTED VOTIVE CANDLE,0.29
21416,CLAM SHELL LARGE,3.75
37333,RETRO "TEA FOR ONE" ,4.95
20616,CHERRY BLOSSOM PASSPORT COVER,2.1
84884A,ANT WHITE WIRE HEART SPIRAL,3.95
90210D,PURPLE ACRYLIC FACETED BANGLE,1.25
20759,CHRYSANTHEMUM POCKET BOOK ,0.85
22184,CAKE STAND VICTORIAN FILIGREE LARGE,8.5
84801A,PINK HYDRANGEA ART FLOWER,2.1
85169C,EAU DE NIL LOVE BIRD CANDLE,1.25
17038,PORCELAIN BUDAH INCENSE HOLDER,0.1
90199D,5 STRAND GLASS NECKLACE AMBER,6.35
84522,PINK PARTY SUNGLASSES,1.95
84415B,BLUE FLOCK CUSHION COVER ,3.75
84620,BLUE GINGHAM ROSE CUSHION COVER,5.95
84510E,SET OF 4 GREEN CAROUSEL COASTERS,1.25
22548,HEADS AND TAILS SPORTING FUN,1.25
20778,GARDEN PATH NOTEBOOK ,1.65
22549,PICTURE DOMINOES,1.45
22337,ANGEL DECORATION PAINTED ZINC ,0.65
22556,PLASTERS IN TIN CIRCUS PARADE ,1.65
22937,BAKING MOULD CUPCAKE CHOCOLATE,2.55
20618,QUEEN OF THE SKIES PASSPORT COVER ,2.1
22703,PINK CAT BOWL,2.4
84510A,SET OF 4 ENGLISH ROSE COASTERS,1.25
21774,DECORATIVE CATS BATHROOM BOTTLE,1.25
22613,PACK OF 20 SPACEBOY NAPKINS,0.85
21615,4 LAVENDER BOTANICAL DINNER CANDLES,3.75
84592,CROCHET ROSE PURSE WITH SUEDE BACK,2.95
21427,SKULLS STORAGE BOX SMALL,2.1
79030G,"TUMBLER, NEW ENGLAND",1.65
22693,GROW A FLYTRAP OR SUNFLOWER IN TIN,1.25
22364,GLASS JAR DIGESTIVE BISCUITS,2.95
22944,CHRISTMAS METAL POSTCARD WITH BELLS,1.25
84968C,SET OF 16 VINTAGE PISTACHIO CUTLERY,12.75
22483,RED GINGHAM TEDDY BEAR ,2.95
21061,PARTY INVITES FOOTBALL,0.85
21067,VINTAGE RED TEATIME MUG,1.25
22291,HANGING CHICK CREAM DECORATION,1.45
90151,SILVER/NATURAL SHELL NECKLACE,8.5
90152B,BLUE/GREEN SHELL NECKLACE W PENDANT,5.95
21945,STRAWBERRIES  DESIGN FLANNEL ,0.85
84617,NEW BAROQUE BLACK BOXES,12.75
82613A,"METAL SIGN,CUPCAKE SINGLE HOOK",1.25
21808,"CHRISTMAS GARLAND STARS,TREES",3.75
21990,MODERN FLORAL STATIONERY SET,2.95
84228,HEN HOUSE W CHICK STANDING,0.42
90082B,DIAMANTE BOW BROOCH RED COLOUR,6.35
16206B,RED PURSE WITH PINK HEART,1.25
35910A,MULTICOLOUR EASTER RABBIT ,1.95
85135A,YELLOW DRAGONFLY HELICOPTER,7.95
84380,SET OF 3 BUTTERFLY COOKIE CUTTERS,1.25
20685,DOORMAT RED RETROSPOT,7.95
22801,ANTIQUE GLASS PEDESTAL BOWL,3.75
22553,PLASTERS IN TIN SKULLS,1.65
17164B,ASS COL SMALL SAND GECKO P'WEIGHT,0.42
21720,CAKE SHOP  STICKER SHEET,0.85
21198,WHITE HEART CONFETTI IN TUBE,1.65
22378,WALL TIDY RETROSPOT ,2.1
82551,LAUNDRY 15C METAL SIGN,1.45
85130D,BEADED CRYSTAL HEART PINK LARGE,1.65
22694,WICKER STAR ,2.1
22119,PEACE WOODEN BLOCK LETTERS,6.95
85038,6 CHOCOLATE LOVE HEART T-LIGHTS,2.1
84660C,PINK STITCHED WALL CLOCK,1.25
22699,ROSES REGENCY TEACUP AND SAUCER ,2.95
84673A,PINK FLY SWAT,0.65
84199,GLOW IN DARK DOLPHINS,0.21
22839,3 TIER CAKE TIN GREEN AND CREAM,14.95
22820,GIFT BAG BIRTHDAY,0.65
21429,RED GINGHAM ROSE JEWELLERY BOX,1.65
10135,COLOURING PENCILS BROWN TUBE,1.25
22933,BAKING MOULD EASTER EGG MILK CHOC,2.95
22465,HANGING METAL STAR LANTERN,1.65
20770,ABSTRACT CIRCLE JOURNAL ,2.55
21471,STRAWBERRY RAFFIA FOOD COVER,3.75
20897,VINTAGE NOTEBOOK PARIS DAYS,2.95
47594B,SCOTTIES DESIGN WASHBAG,1.95
22954,HEN PARTY CORDON BARRIER TAPE,1.25
90108,BLUE BLOSSOM HAIR CLIP,1.05
90123B,TURQUOISE HEART OF GLASS BRACELET,5.95
21222,SET/4 BADGES BEETLES,1.25
20671,BLUE TEATIME PRINT BOWL ,1.25
84926A,WAKE UP COCKEREL TILE COASTER,1.25
21144,PINK POODLE HANGING DECORATION ,0.38
21789,KIDS RAIN MAC PINK,0.85
37489B,BLUE/YELLOW FLOWER DESIGN BIG MUG,1.95
90214K,LETTER "K" BLING KEY RING,1.25
82011C,BATHROOM SCALES FOOTPRINTS IN SAND,3.75
90059C,DIAMANTE HAIR GRIP PACK/2 MONTANA,1.65
84798A,PINK FOXGLOVE ARTIIFCIAL FLOWER,2.55
85023C,PINK LARGE JEWELED PHOTOFRAME,2.55
85096,HILDA CANDY SPOT RABBIT,3.75
90019A,SILVER M.O.P ORBIT BRACELET,4.95
90194,SILVER LARIAT BLACK STONE EARRINGS,4.25
22105,MIRROR MOSAIC GOBLET CANDLE HOLDER,4.25
22843,BISCUIT TIN VINTAGE GREEN,6.75
35912B,WHITE/PINK CHICK DECORATION,1.25
71053,WHITE METAL LANTERN,3.75
21928,JUMBO BAG SCANDINAVIAN PAISLEY,1.95
15039,SANDALWOOD FAN,0.85
22834,HAND WARMER BABUSHKA DESIGN,2.1
22189,CREAM HEART CARD HOLDER,3.95
47566B,TEA TIME PARTY BUNTING,4.65
22802,FAUX FUR CHOCOLATE THROW,19.95
21651,HANGING GLASS ETCHED TEALIGHT,1.65
82582,AREA PATROLLED METAL SIGN,2.1
22437,SET OF 9 BLACK SKULL BALLOONS,0.85
84638,SMALL KITCHEN FLOWER POTS PLAQUE,6.95
79067,CORONA MEXICAN TRAY,3.75
48111,DOORMAT 3 SMILEY CATS,7.95
85141,JARDIN ETCHED GLASS FRUITBOWL,10.75
22451,SILK PURSE BABUSHKA RED,3.35
85040A,S/4 PINK FLOWER CANDLES IN BOWL,1.65
22949,36 DOILIES DOLLY GIRL,1.45
22896,PEG BAG APPLES DESIGN,2.55
22700,BLACK AND WHITE DOG BOWL,3.24
35954,SMALL FOLKART STAR CHRISTMAS DEC,0.42
20867,PINK ROSE FABRIC MIRROR,1.25
22973,CHILDREN'S CIRCUS PARADE MUG,1.65
82001S,VINYL RECORD FRAME SILVER,3.75
84881,BLUE WIRE SPIRAL CANDLE HOLDER,6.35
21407,BROWN CHECK CAT DOORSTOP ,4.25
20886,BOX OF 9 PEBBLE CANDLES,1.95
21894,POTTING SHED SEED ENVELOPES,1.25
90032,IVORY SHELL HEART NECKLACE,6.25
35958,FOLKART ZINC STAR CHRISTMAS DEC,0.85
84457,SET/3 RABBITS FLOWER SKIPPPING ROPE,0.85
79191C,RETRO PLASTIC ELEPHANT TRAY,0.85
90162D,ANT SILVER PURPLE BOUDICCA RING,2.95
21872,GLAMOROUS  MUG,1.25
84952A,CLEAR LOVE BIRD T-LIGHT HOLDER,3.75
79191B,RETRO PLASTIC POLKA TRAY,0.85
84927D,LA PALMIERA TILE HOOK,2.1
22389,PAPERWEIGHT SAVE THE PLANET,2.55
22799,SWEETHEART WIRE FRUIT BOWL,8.5
37343,POLKADOT MUG PINK ,1.65
21324,HANGING MEDINA LANTERN SMALL,2.95
21530,DAIRY MAID TOASTRACK,2.95
35914,PINK CHICK EGG WARMER + EGG CUP,2.1
84192,ASSORTED COLOUR METAL CAT ,1.25
21458,2 PICTURE BOOK EGGS EASTER BUNNY,1.25
21946,PARTY TIME DESIGN FLANNEL,0.85
84707A,SILVER JEWELLED MIRROR TRINKET TRAY,9.95
82615,PINK MARSHMALLOW SCARF KNITTING KIT,2.55
22252,BIRDCAGE DECORATION TEALIGHT HOLDER,1.25
22897,OVEN MITT APPLES DESIGN,1.45
85184C,S/4 VALENTINE DECOUPAGE HEART BOX,2.95
84926F,PSYCHEDELIC TILE COASTER,0.42
22150,3 STRIPEY MICE FELTCRAFT,1.95
16156S,WRAP PINK FAIRY CAKES ,0.42
22723,SET OF 6 HERB TINS SKETCHBOOK,3.95
22623,BOX OF VINTAGE JIGSAW BLOCKS ,4.95
22669,RED BABY BUNTING ,2.95
16168M,FUNKY MONKEY GIFT BAG MEDIUM,0.42
22603,CHRISTMAS RETROSPOT TREE WOOD,0.85
72807B,SET/3 OCEAN SCENT CANDLE JEWEL BOX,4.25
71270,PHOTO CLIP LINE,1.25
22188,BLACK HEART CARD HOLDER,3.95
21452,TOADSTOOL MONEY BOX,2.95
20665,RED RETROSPOT PURSE ,2.95
21001,ROSE DU SUD WASHBAG ,5.95
21899,"KEY FOB , GARAGE DESIGN",0.65
22886,NUMBER TILE VINTAGE FONT 7,2.17
21251,DINOSAUR HEIGHT CHART STICKER SET,2.95
22611,VINTAGE UNION JACK SHOPPING BAG,4.95
22532,MAGIC DRAWING SLATE LEAP FROG ,0.42
35610A,PINK CHRISTMAS FLOCK DROPLET ,1.25
20768,GREEN FERN JOURNAL ,2.55
84509B,SET OF 4 FAIRY CAKE PLACEMATS,3.75
21626,VINTAGE UNION JACK PENNANT,1.95
84741C,CITRUS GARLAND FELT FLOWERS ,1.95
21002,ROSE DU SUD DRAWSTRING BAG,4.25
21379,CAMPHOR WOOD PORTOBELLO MUSHROOM,1.25
17084J,LOVE POTION MASALA INCENSE,0.21
90058B,CRYSTAL STUD EARRINGS ASSORTED COL ,0.38
22861,EASTER TIN CHICKS IN GARDEN,1.65
85204,HANGING WOOD AND FELT FLOWER,0.42
90165B,WHITE ROSEBUD  PEARL EARRINGS,2.55
21208,PASTEL COLOUR HONEYCOMB FAN,1.65
21368,MIRRORED WALL ART LADIES,2.55
35265,COLOURFUL FLOWER FRUIT BOWL,6.95
37503,TEA TIME CAKE STAND IN GIFT BOX,10.75
22743,MAKE YOUR OWN FLOWERPOWER CARD KIT,2.95
10133,COLOURING PENCILS BROWN TUBE,0.85
21158,MOODY GIRL DOOR HANGER ,1.45
21677,HEARTS  STICKERS,0.85
22847,"BREAD BIN, DINER STYLE, IVORY",16.95
85054,FRENCH ENAMEL POT W LID,2.95
85039B,S/4 IVORY MINI ROSE CANDLE IN BOWL,1.65
21535,RED RETROSPOT SMALL MILK JUG,2.55
20903,VINTAGE KEEPSAKE BOX TRAVELOGUE,6.35
22209,WOOD STAMP SET HAPPY BIRTHDAY,1.65
20893,HANGING BAUBLE T-LIGHT HOLDER SMALL,2.55
22417,PACK OF 60 SPACEBOY CAKE CASES,0.55
21012,ANTIQUE ALL GLASS CANDLESTICK,2.1
20970,PINK FLORAL FELTCRAFT SHOULDER BAG,3.75
22739,RIBBON REEL CHRISTMAS SOCK BAUBLE,1.65
22670,FRENCH WC SIGN BLUE METAL,1.25
17014A,ORIGAMI VANILLA INCENSE CONES,0.5
21620,SET OF 4 ROSE BOTANICAL CANDLES,3.75
22838,3 TIER CAKE TIN RED AND CREAM,14.95
72802C,VANILLA SCENT CANDLE JEWELLED BOX,4.25
21382,SET/4 SPRING FLOWER DECORATION,2.95
47343A,FUSCHIA FLOWER PURSE WITH BEADS,1.49
72349B,SET/6 PURPLE BUTTERFLY T-LIGHTS,2.1
84569B,PACK 3 FIRE ENGINE/CAR PATCHES,1.25
22582,PACK OF 6 SWEETIE GIFT BOXES,2.55
22701,PINK DOG BOWL,3.24
21378,SMALL TALL CAMPHOR WOOD TOADSTOOL,1.65
21544,SKULLS  WATER TRANSFER TATTOOS ,0.85
22210,WOOD STAMP SET BEST WISHES,1.65
21794,CLASSIC FRENCH STYLE BASKET NATURAL,6.75
21143,ANTIQUE GLASS HEART DECORATION ,1.95
84924A,WAKE UP COCKEREL CALENDAR SIGN ,3.75
22362,GLASS JAR PEACOCK BATH SALTS,2.95
84625A,PINK NEW BAROQUECANDLESTICK CANDLE,2.95
20798,CLEAR MILKSHAKE GLASS,2.1
85130A,BEADED PEARL HEART WHITE LARGE,1.65
85124B,BLUE JUICY FRUIT PHOTO FRAME,2.55
84971S,SMALL HEART FLOWERS HOOK ,0.85
47594A,CAROUSEL DESIGN WASHBAG,1.95
71038,WHITE HANGING BEADS CANDLE HOLDER,5.45
22102,MIRROR MOSAIC T-LIGHT HOLDER ,1.65
90214C,LETTER "C" BLING KEY RING,1.25
47556B,TEA TIME TEA TOWELS ,2.55
79321,CHILLI LIGHTS,4.95
85159A,"BLACK TEA,COFFEE,SUGAR JARS",6.35
21669,BLUE STRIPE CERAMIC DRAWER KNOB,1.49
22470,HEART OF WICKER LARGE,3.21
22079,RIBBON REEL HEARTS DESIGN ,1.65
22469,HEART OF WICKER SMALL,1.93
21929,JUMBO BAG PINK VINTAGE PAISLEY,1.95
21357,TOAST ITS - DINOSAUR,1.25
21497,FANCY FONTS BIRTHDAY WRAP,0.42
21948,SET OF 6 CAKE CHOPSTICKS,1.25
22923,FRIDGE MAGNETS LES ENFANTS ASSORTED,0.85
20717,STRAWBERRY SHOPPER BAG,1.25
22698,PINK REGENCY TEACUP AND SAUCER,2.95
71459,HANGING JAM JAR T-LIGHT HOLDER,0.85
22068,BLACK PIRATE TREASURE CHEST,1.65
21215,IVORY PAPER CUP CAKE CASES ,0.55
22754,SMALL RED BABUSHKA NOTEBOOK ,0.85
21868,POTTING SHED TEA MUG,1.25
85136A,YELLOW SHARK HELICOPTER,7.95
84459A,PINK METAL CHICKEN HEART ,1.49
21397,BLUE POLKADOT EGG CUP ,1.25
22580,ADVENT CALENDAR GINGHAM SACK,5.95
20775,DAISY NOTEBOOK ,1.65
22394,PAPERWEIGHT KINGS CHOICE ,2.55
22593,CHRISTMAS GINGHAM STAR,0.85
20748,KENSINGTON COFFEE SET,12.75
84951A,SET OF 4 PISTACHIO LOVEBIRD COASTER,2.55
22497,SET OF 2 TINS VINTAGE BATHROOM ,4.25
21040,MODERN VINTAGE COTTON SHOPPING BAG,2.55
35972,DAISY FOLKART HEART DECORATION,1.25
90212C,PURPLE LAS VEGAS BRACELET ROUND,3.75
85020,ROUND PINK HEART MIRROR,2.1
90161D,ANT COPPER PINK BOUDICCA BRACELET,4.95
21132,SILVER STANDING GNOME   ,4.25
21461,BLUE EASTER EGG HUNT START POST,1.95
20972,PINK CREAM FELT CRAFT TRINKET BOX ,1.25
47567B,TEA TIME KITCHEN APRON,5.95
22474,SPACEBOY TV DINNER TRAY,4.95
90200E,GREEN SWEETHEART BRACELET,4.25
17012C,ORIGAMI LAVENDER INCENSE/CANDL SET ,2.55
22481,BLACK TEA TOWEL CLASSIC DESIGN,1.25
21154,RED RETROSPOT OVEN GLOVE ,1.25
22169,FAMILY ALBUM WHITE PICTURE FRAME,8.5
21621,VINTAGE UNION JACK BUNTING,8.87
85061W,WHITE JEWELLED HEART DECORATION,0.85
22186,RED STAR CARD HOLDER,2.95
22577,WOODEN HEART CHRISTMAS SCANDINAVIAN,0.85
84660B,BLACK STITCHED WALL CLOCK,1.25
22212,FOUR HOOK  WHITE LOVEBIRDS,2.22
20856,DENIM PATCH PURSE PINK BUTTERFLY,1.65
82483,WOOD 2 DRAWER CABINET WHITE FINISH,5.95
22327,ROUND SNACK BOXES SET OF 4 SKULLS,2.95
21581,SKULLS  DESIGN  COTTON TOTE BAG,2.25
84341B,SMALL PINK MAGIC CHRISTMAS TREE,0.85
20866,BLUE ROSE FABRIC MIRROR,1.25
72801G,4 BURGUNDY WINE DINNER CANDLES,1.25
21071,VINTAGE BILLBOARD DRINK ME MUG,1.25
22328,ROUND SNACK BOXES SET OF 4 FRUITS ,2.95
22171,3 HOOK PHOTO SHELF ANTIQUE WHITE,8.5
37327,ASSTD MULTICOLOUR CIRCLES MUG,1.69
21792,CLASSIC FRENCH STYLE BASKET GREEN ,6.75
84813,SET OF 4 DIAMOND NAPKIN RINGS,12.75
22031,BOTANICAL LAVENDER BIRTHDAY CARD,0.42
84356,POMPOM CURTAIN,6.95
22136,LOVE HEART SOCK HANGER,1.65
85185D,FROG SOCK PUPPET,2.95
84251B,"GREETING CARD, STICKY GORDON",0.19
22265,EASTER DECORATION NATURAL CHICK,0.65
22683,FRENCH BLUE METAL DOOR SIGN 8,1.25
85179A,GREEN BITTY LIGHT CHAIN,4.65
72798C,SET/4 GARDEN ROSE DINNER CANDLE,1.65
84637,KITCHEN FLOWER POTS WALL PLAQUE,5.95
22640,SET OF 4 NAPKIN CHARMS 3 KEYS ,2.55
22860,EASTER TIN CHICKS PINK DAISY,1.65
21084,SET/6 COLLAGE PAPER CUPS,0.65
85125,SMALL ROUND CUT GLASS CANDLESTICK,4.95
22615,PACK OF 12 CIRCUS PARADE TISSUES ,0.29
21365,MIRRORED WALL ART STARS,2.95
21253,SET OF PICTURE FRAME  STICKERS,2.95
82616C,MIDNIGHT GLAMOUR SCARF KNITTING KIT,2.95
85211,S/4 GROOVY CAT MAGNETS,1.65
84675,FROG KING WATERING CAN,2.95
90136,PALE PINK/AMETHYST STONE NECKLACE,9.95
22727,ALARM CLOCK BAKELIKE RED ,3.75
35610B,BLACK CHRISTMAS FLOCK DROPLET ,1.25
22352,LUNCH BOX WITH CUTLERY RETROSPOT ,2.55
84030E,ENGLISH ROSE HOT WATER BOTTLE,4.25
22476,EMPIRE UNION JACK TV DINNER TRAY,4.95
21982,PACK OF 12 SUKI TISSUES ,0.29
21777,RECIPE BOX WITH METAL HEART,7.95
22302,COFFEE MUG PEARS  DESIGN,2.55
22617,BAKING SET SPACEBOY DESIGN,4.95
22742,MAKE YOUR OWN PLAYTIME CARD KIT,2.95
22192,BLUE DINER WALL CLOCK,8.5
20966,SANDWICH BATH SPONGE,1.25
22348,TEA BAG PLATE RED RETROSPOT,0.85
22972,CHILDRENS SPACEBOY MUG,1.65
22503,CABIN BAG VINTAGE PAISLEY,29.95
51008,AFGHAN SLIPPER SOCK PAIR,3.45
22155,STAR DECORATION RUSTIC,0.42
21135,VICTORIAN  METAL POSTCARD SPRING,1.69
22526,WHEELBARROW FOR CHILDREN ,12.75
22345,PARTY PIZZA DISH BLUE POLKADOT,0.85
37342,POLKADOT COFFEE CUP & SAUCER PINK,0.85
22256,FELT FARM ANIMAL CHICKEN,1.25
22021,BLUE FELT EASTER EGG BASKET,1.65
22639,SET OF 4 NAPKIN CHARMS HEARTS,2.55
22376,AIRLINE BAG VINTAGE JET SET WHITE,4.25
84744,S/6 SEW ON CROCHET FLOWERS,1.25
22883,NUMBER TILE VINTAGE FONT 4,2.17
84968D,SET OF 16 VINTAGE RED CUTLERY,12.75
22349,DOG BOWL CHASING BALL DESIGN,3.75
85019A,ROMANTIC IMAGES NOTEBOOK SET,4.25
22089,PAPER BUNTING VINTAGE PAISLEY,2.95
20661,BLUE POLKADOT PURSE ,2.95
21788,KIDS RAIN MAC BLUE,0.85
84031A,CHARLIE+LOLA RED HOT WATER BOTTLE ,4.65
21692,SILVER LATTICE VANILLA CANDLE POT,3.75
40005B,BLUE ORGANDY ROUND LAMPSHADE W BEA,0.85
15034,PAPER POCKET TRAVELING FAN ,0.14
90186A,AMETHYST HOOP EARRING FLORAL LEAF,2.95
90177D,DROP DIAMANTE EARRINGS PURPLE,2.95
21179,NO JUNK MAIL METAL SIGN,1.25
22390,PAPERWEIGHT CHILDHOOD MEMORIES,2.55
22663,JUMBO BAG DOLLY GIRL DESIGN,1.95
21326,AGED GLASS SILVER T-LIGHT HOLDER,0.65
20961,STRAWBERRY BATH SPONGE ,1.25
22534,MAGIC DRAWING SLATE SPACEBOY ,0.42
22984,CARD GINGHAM ROSE ,0.42
85049C,ROMANTIC PINKS RIBBONS ,1.25
22024,RAINY LADIES BIRTHDAY CARD,0.42
22415,WHITE TISSUE REAM,7.95
37447,CERAMIC CAKE DESIGN SPOTTED PLATE,1.49
21563,RED HEART SHAPE LOVE BUCKET ,2.95
21240,BLUE POLKADOT CUP,0.85
20700,GREEN CAT FLORAL CUSHION COVER ,3.75
22049,WRAP CHRISTMAS SCREEN PRINT,0.42
22846,BREAD BIN DINER STYLE RED ,16.95
22190,LOCAL CAFE MUG,2.1
21933,PINK VINTAGE PAISLEY PICNIC BAG,2.95
84987,SET OF 36 TEATIME PAPER DOILIES,1.45
22735,RIBBON REEL SOCKS AND MITTENS,1.65
90160C,TURQ+RED BOUDICCA LARGE BRACELET,6.95
21172,PARTY METAL SIGN ,1.45
22135,MINI LADLE LOVE HEART PINK,0.42
21925,UNION STRIPE CUSHION COVER ,1.25
21211,SET OF 72 SKULL PAPER  DOILIES,1.45
21735,TWO DOOR CURIO CABINET,12.75
84535B,FAIRY CAKES NOTEBOOK A6 SIZE,0.65
22278,OVERNIGHT BAG VINTAGE ROSE PAISLEY,4.95
21873,IF YOU CAN'T STAND THE HEAT MUG,1.25
22322,BIRD DECORATION GREEN POLKADOT,0.85
72133,COLUMBIAN CANDLE RECTANGLE,1.25
22440,BALLOON WATER BOMB PACK OF 35,0.42
84915,HAND TOWEL PINK FLOWER AND DAISY,5.95
20666,ECONOMY HOLIDAY PURSE,2.95
85195,HANGING HEART BASKET,2.1
21722,SWEET PUDDING STICKER SHEET,0.85
79071B,ENGLISH ROSE METAL WASTE BIN,2.95
22244,3 HOOK HANGER MAGIC GARDEN,1.95
82567,"AIRLINE LOUNGE,METAL SIGN",2.1
47367B,PAIR PADDED HANGERS PINK CHECK,3.75
21288,STRIPEY CHOCOLATE NESTING BOXES,2.95
85071D,CHARLIE+LOLA MY ROOM DOOR SIGN,2.55
21412,VINTAGE GOLD TINSEL REEL,0.42
22686,FRENCH BLUE METAL DOOR SIGN No,1.25
46000P,POLYESTER FILLER PAD 65CMx65CM,4.25
15044D,RED PAPER PARASOL,2.95
75178,ASSTD COL BUTTERFLY/CRYSTAL W/CHIME,0.42
84929,ASSTD FRUIT+FLOWERS FRIDGE MAGNETS,0.55
22191,IVORY DINER WALL CLOCK,8.5
22272,FELTCRAFT DOLL MARIA,2.95
22109,FULL ENGLISH BREAKFAST PLATE,3.75
22180,RETROSPOT LAMP,9.95
85099C,JUMBO  BAG BAROQUE BLACK WHITE,1.95
47480,HANGING PHOTO CLIP ROPE LADDER,1.65
21656,RIDGED GLASS POSY VASE ,1.45
85231B,CINAMMON SET OF 9 T-LIGHTS,0.85
21381,MINI WOODEN HAPPY BIRTHDAY GARLAND,1.69
22453,MEASURING TAPE BABUSHKA BLUE,2.95
22487,WHITE WOOD GARDEN PLANT LADDER,9.95
20723,STRAWBERRY CHARLOTTE BAG,0.85
21448,12 DAISY PEGS IN WOOD BOX,1.65
85015,SET OF 12  VINTAGE POSTCARD SET,2.55
35810A,ENAMEL PINK COFFEE CONTAINER,2.1
22814,CARD PARTY GAMES ,0.42
51014L,"FEATHER PEN,LIGHT PINK",0.85
21802,CHRISTMAS TREE HEART DECORATION,0.42
21695,SMALL SILVER FLOWER CANDLE POT,2.95
85132B,CHARLIE AND LOLA TABLE TINS,9.95
20617,FIRST CLASS PASSPORT COVER ,2.1
84614A,PINK BAROQUE FLOCK CANDLE HOLDER,5.95
85032C,CURIOUS IMAGES GIFT WRAP SET,2.1
22876,NUMBER TILE COTTAGE GARDEN 8,1.95
79030D,"TUMBLER, BAROQUE",1.65
85197,SET OF 12 MINI BUNNIES IN A BUCKET,2.1
85114B,IVORY ENCHANTED FOREST PLACEMAT,1.65
20762,GREEN FERN SKETCHBOOK ,3.75
22636,CHILDS BREAKFAST SET CIRCUS PARADE,8.5
22866,HAND WARMER SCOTTY DOG DESIGN,2.1
84459B,YELLOW METAL CHICKEN HEART ,1.49
21539,RED RETROSPOT BUTTER DISH,4.95
22211,WOOD STAMP SET FLOWERS,1.65
22692,DOORMAT WELCOME TO OUR HOME,7.95
21196,ROUND WHITE CONFETTI IN TUBE,1.65
85036A,GARDENIA 1 WICK MORRIS BOXED CANDLE,4.25
22117,METAL SIGN HER DINNER IS SERVED ,2.95
22900, SET 2 TEA TOWELS I LOVE LONDON ,2.95
21974,SET OF 36 PAISLEY FLOWER DOILIES,1.45
22115,METAL SIGN EMPIRE TEA,2.95
22550,HOLIDAY FUN LUDO,3.75
22661,CHARLOTTE BAG DOLLY GIRL DESIGN,0.85
84032B,CHARLIE + LOLA RED HOT WATER BOTTLE,2.95
21790,VINTAGE SNAP CARDS,0.85
22377,BOTTLE BAG RETROSPOT ,2.1
22529,MAGIC DRAWING SLATE GO TO THE FAIR ,0.42
21108,FAIRY CAKE FLANNEL ASSORTED COLOUR,2.55
85055,FRENCH ENAMEL UTENSIL HOLDER,3.75
22647,CERAMIC LOVE HEART MONEY BANK,1.45
21262,WHITE GOOSE FEATHER CHRISTMAS TREE ,16.95
84559A,3D SHEET OF DOG STICKERS,0.85
21195,PINK  HONEYCOMB PAPER BALL ,2.1
22436,12 COLOURED PARTY BALLOONS,0.65
21216,"SET 3 RETROSPOT TEA,COFFEE,SUGAR",4.95
22123,PING MICROWAVE APRON,5.95
79163,BLACK CHAMPAGNE GLASS,1.65
85027L,FRENCH CHATEAU LARGE PLATTER ,7.95
22608,PENS ASSORTED FUNKY JEWELED ,0.85
20785,FUSCHIA RETRO BAR STOOL,39.95
21064,BOOM BOX SPEAKER BOYS,5.95
22400,MAGNETS PACK OF 4 HOME SWEET HOME,1.25
20702,PINK PADDED MOBILE,4.25
84279P,CHERRY BLOSSOM  DECORATIVE FLASK,3.75
90184A,AMBER CHUNKY BEAD BRACELET W STRAP,8.95
85032A,ROMANTIC IMAGES GIFT WRAP SET,2.1
22559,SEASIDE FLYING DISC,1.25
22828,REGENCY MIRROR WITH SHUTTERS,165
